date,sp500,cpi,interest_rate,cape_ratio
1871.01,4.44,12.46,5.32,
1871.02,4.5,12.84,5.32,
1871.03,4.61,13.03,5.33,
1871.04,4.74,12.56,5.33,
1871.05,4.86,12.27,5.33,
1871.06,4.82,12.08,5.34,
1871.07,4.73,12.08,5.34,
1871.08,4.79,11.89,5.34,
1871.09,4.84,12.18,5.35,
1871.1,4.59,12.37,5.35,
1871.11,4.64,12.37,5.35,
1871.12,4.74,12.65,5.36,
1872.01,4.86,12.65,5.36,
1872.02,4.88,12.65,5.38,
1872.03,5.04,12.84,5.4,
1872.04,5.18,13.13,5.42,
1872.05,5.18,13.13,5.43,
1872.06,5.13,13.03,5.45,
1872.07,5.1,12.84,5.47,
1872.08,5.04,12.94,5.49,
1872.09,4.95,13.03,5.51,
1872.1,4.97,12.75,5.53,
1872.11,4.95,13.13,5.54,
1872.12,5.07,12.94,5.56,
1873.01,5.11,12.94,5.58,
1873.02,5.15,13.23,5.57,
1873.03,5.11,13.23,5.56,
1873.04,5.04,13.23,5.55,
1873.05,5.05,12.94,5.54,
1873.06,4.98,12.56,5.53,
1873.07,4.97,12.56,5.53,
1873.08,4.97,12.56,5.52,
1873.09,4.59,12.56,5.51,
1873.1,4.19,12.27,5.5,
1873.11,4.04,11.89,5.49,
1873.12,4.42,12.18,5.48,
1874.01,4.66,12.37,5.47,
1874.02,4.8,12.37,5.44,
1874.03,4.73,12.37,5.4,
1874.04,4.6,12.18,5.37,
1874.05,4.48,12.08,5.34,
1874.06,4.46,11.8,5.3,
1874.07,4.46,11.89,5.27,
1874.08,4.47,11.8,5.24,
1874.09,4.54,11.8,5.2,
1874.1,4.53,11.61,5.17,
1874.11,4.57,11.51,5.14,
1874.12,4.54,11.51,5.1,
1875.01,4.54,11.51,5.07,
1875.02,4.53,11.51,5.03,
1875.03,4.59,11.51,4.99,
1875.04,4.65,11.61,4.95,
1875.05,4.47,11.32,4.91,
1875.06,4.38,11.13,4.87,
1875.07,4.39,11.13,4.83,
1875.08,4.41,11.23,4.79,
1875.09,4.37,11.13,4.75,
1875.1,4.3,11.13,4.71,
1875.11,4.37,11.04,4.67,
1875.12,4.37,10.94,4.63,
1876.01,4.46,10.85,4.59,
1876.02,4.52,10.85,4.58,
1876.03,4.51,10.85,4.57,
1876.04,4.34,10.75,4.56,
1876.05,4.18,10.37,4.54,
1876.06,4.15,10.09,4.53,
1876.07,4.1,10.09,4.52,
1876.08,3.93,10.18,4.51,
1876.09,3.69,10.28,4.5,
1876.1,3.67,10.47,4.49,
1876.11,3.6,10.56,4.47,
1876.12,3.58,10.75,4.46,
1877.01,3.55,10.94,4.45,
1877.02,3.34,10.66,4.44,
1877.03,3.17,10.18,4.43,
1877.04,2.94,10.47,4.42,
1877.05,2.94,10.66,4.41,
1877.06,2.73,10.09,4.4,
1877.07,2.85,10.18,4.4,
1877.08,3.05,9.8,4.39,
1877.09,3.24,9.7,4.38,
1877.1,3.31,9.7,4.37,
1877.11,3.26,9.51,4.36,
1877.12,3.25,9.51,4.35,
1878.01,3.25,9.23,4.34,
1878.02,3.18,9.13,4.33,
1878.03,3.24,8.94,4.32,
1878.04,3.33,8.85,4.31,
1878.05,3.34,8.56,4.3,
1878.06,3.41,8.37,4.29,
1878.07,3.48,8.47,4.28,
1878.08,3.45,8.56,4.27,
1878.09,3.52,8.56,4.26,
1878.1,3.48,8.47,4.25,
1878.11,3.47,8.37,4.24,
1878.12,3.45,8.18,4.23,
1879.01,3.58,8.28,4.22,
1879.02,3.71,8.37,4.2,
1879.03,3.65,8.28,4.19,
1879.04,3.77,8.18,4.17,
1879.05,3.94,8.18,4.15,
1879.06,3.96,8.09,4.14,
1879.07,4.04,8.18,4.12,
1879.08,4.07,8.18,4.1,
1879.09,4.22,8.47,4.09,
1879.1,4.68,8.94,4.07,
1879.11,4.93,9.42,4.05,
1879.12,4.92,9.7,4.04,
1880.01,5.11,9.99,4.02,
1880.02,5.2,9.99,3.99,
1880.03,5.3,10.09,3.97,
1880.04,5.18,9.7,3.94,
1880.05,4.77,9.42,3.91,
1880.06,4.79,9.23,3.89,
1880.07,5.01,9.23,3.86,
1880.08,5.19,9.23,3.83,
1880.09,5.18,9.32,3.81,
1880.1,5.33,9.32,3.78,
1880.11,5.61,9.42,3.75,
1880.12,5.84,9.51,3.73,
1881.01,6.19,9.42,3.7,18.47
1881.02,6.17,9.51,3.69,18.15
1881.03,6.24,9.51,3.69,18.27
1881.04,6.22,9.61,3.68,17.95
1881.05,6.5,9.51,3.67,18.87
1881.06,6.58,9.51,3.67,19.03
1881.07,6.35,9.61,3.66,18.12
1881.08,6.2,9.8,3.65,17.29
1881.09,6.25,10.18,3.65,16.72
1881.1,6.15,10.28,3.64,16.26
1881.11,6.19,10.18,3.63,16.48
1881.12,6.01,10.18,3.63,15.96
1882.01,5.92,10.18,3.62,15.68
1882.02,5.79,10.28,3.62,15.15
1882.03,5.78,10.28,3.62,15.09
1882.04,5.78,10.37,3.62,14.92
1882.05,5.71,10.47,3.62,14.57
1882.06,5.68,10.56,3.62,14.33
1882.07,6.0,10.47,3.63,15.24
1882.08,6.18,10.56,3.63,15.53
1882.09,6.24,10.28,3.63,16.08
1882.1,6.07,10.18,3.63,15.76
1882.11,5.81,10.09,3.63,15.19
1882.12,5.84,9.99,3.63,15.38
1883.01,5.81,9.99,3.63,15.27
1883.02,5.68,10.09,3.63,14.76
1883.03,5.75,9.99,3.63,15.05
1883.04,5.87,9.9,3.63,15.48
1883.05,5.77,9.8,3.63,15.34
1883.06,5.82,9.51,3.63,15.9
1883.07,5.73,9.32,3.63,15.95
1883.08,5.47,9.32,3.62,15.2
1883.09,5.53,9.23,3.62,15.49
1883.1,5.38,9.23,3.62,15.05
1883.11,5.46,9.13,3.62,15.41
1883.12,5.34,9.23,3.62,14.9
1884.01,5.18,9.23,3.62,14.43
1884.02,5.32,9.23,3.61,14.81
1884.03,5.3,9.23,3.6,14.74
1884.04,5.06,9.04,3.6,14.35
1884.05,4.65,8.85,3.59,13.47
1884.06,4.46,8.85,3.58,12.91
1884.07,4.46,8.75,3.57,13.04
1884.08,4.74,8.75,3.56,13.86
1884.09,4.59,8.66,3.55,13.57
1884.1,4.44,8.56,3.55,13.27
1884.11,4.35,8.37,3.54,13.3
1884.12,4.34,8.28,3.53,13.43
1885.01,4.24,8.28,3.52,13.13
1885.02,4.37,8.37,3.51,13.38
1885.03,4.38,8.18,3.5,13.73
1885.04,4.37,8.28,3.48,13.55
1885.05,4.32,8.09,3.47,13.71
1885.06,4.3,7.9,3.46,13.98
1885.07,4.46,7.99,3.45,14.33
1885.08,4.71,7.99,3.43,15.13
1885.09,4.65,7.9,3.42,15.12
1885.1,4.92,7.9,3.41,15.99
1885.11,5.24,7.99,3.4,16.82
1885.12,5.2,8.18,3.38,16.3
1886.01,5.2,7.99,3.37,16.69
1886.02,5.3,7.99,3.38,17.01
1886.03,5.19,7.9,3.4,16.84
1886.04,5.12,7.8,3.41,16.8
1886.05,5.02,7.61,3.42,16.86
1886.06,5.25,7.52,3.43,17.83
1886.07,5.33,7.61,3.45,17.85
1886.08,5.37,7.71,3.46,17.72
1886.09,5.51,7.71,3.47,18.15
1886.1,5.65,7.71,3.48,18.56
1886.11,5.79,7.71,3.5,18.97
1886.12,5.64,7.8,3.51,18.19
1887.01,5.58,7.99,3.52,17.51
1887.02,5.54,8.09,3.53,17.13
1887.03,5.67,8.09,3.55,17.47
1887.04,5.8,8.09,3.56,17.82
1887.05,5.9,8.09,3.57,18.08
1887.06,5.73,7.99,3.58,17.71
1887.07,5.59,7.9,3.6,17.43
1887.08,5.45,7.99,3.61,16.74
1887.09,5.38,7.9,3.62,16.68
1887.1,5.2,7.99,3.63,15.88
1887.11,5.3,8.09,3.65,15.95
1887.12,5.27,8.28,3.66,15.46
1888.01,5.31,8.37,3.67,15.36
1888.02,5.28,8.28,3.65,15.42
1888.03,5.08,8.28,3.63,14.81
1888.04,5.1,8.18,3.62,15.02
1888.05,5.17,8.09,3.6,15.39
1888.06,5.01,7.99,3.58,15.08
1888.07,5.14,8.09,3.56,15.28
1888.08,5.25,8.09,3.54,15.6
1888.09,5.38,8.09,3.52,15.99
1888.1,5.35,8.18,3.51,15.72
1888.11,5.24,8.28,3.49,15.22
1888.12,5.14,8.28,3.47,14.95
1889.01,5.24,7.99,3.45,15.8
1889.02,5.3,7.9,3.45,16.19
1889.03,5.19,7.8,3.45,16.07
1889.04,5.18,7.8,3.44,16.05
1889.05,5.32,7.61,3.44,16.92
1889.06,5.41,7.61,3.44,17.22
1889.07,5.3,7.61,3.44,16.89
1889.08,5.37,7.61,3.43,17.13
1889.09,5.5,7.71,3.43,17.35
1889.1,5.4,7.71,3.43,17.05
1889.11,5.35,7.71,3.43,16.91
1889.12,5.32,7.8,3.42,16.61
1890.01,5.38,7.61,3.42,17.22
1890.02,5.32,7.61,3.44,17.03
1890.03,5.28,7.61,3.45,16.9
1890.04,5.39,7.61,3.47,17.26
1890.05,5.62,7.71,3.49,17.79
1890.06,5.58,7.71,3.5,17.68
1890.07,5.54,7.71,3.52,17.59
1890.08,5.41,7.99,3.54,16.6
1890.09,5.32,8.09,3.55,16.17
1890.1,5.08,8.09,3.57,15.48
1890.11,4.71,7.9,3.59,14.75
1890.12,4.6,7.9,3.6,14.44
1891.01,4.84,7.8,3.62,15.43
1891.02,4.9,7.9,3.62,15.48
1891.03,4.81,7.99,3.62,15.05
1891.04,4.97,8.09,3.62,15.41
1891.05,4.95,7.99,3.61,15.57
1891.06,4.85,7.8,3.61,15.66
1891.07,4.77,7.71,3.61,15.62
1891.08,4.93,7.71,3.61,16.16
1891.09,5.33,7.61,3.61,17.71
1891.1,5.33,7.61,3.61,17.72
1891.11,5.25,7.52,3.6,17.67
1891.12,5.41,7.52,3.6,18.21
1892.01,5.51,7.33,3.6,19.02
1892.02,5.52,7.33,3.61,19.04
1892.03,5.58,7.14,3.63,19.74
1892.04,5.57,7.04,3.64,19.94
1892.05,5.57,7.04,3.65,19.91
1892.06,5.54,7.04,3.66,19.77
1892.07,5.54,7.23,3.68,19.21
1892.08,5.62,7.33,3.69,19.2
1892.09,5.48,7.33,3.7,18.69
1892.1,5.59,7.33,3.71,19.04
1892.11,5.57,7.52,3.73,18.46
1892.12,5.51,7.61,3.74,18.01
1893.01,5.61,7.9,3.75,17.66
1893.02,5.51,7.99,3.75,17.13
1893.03,5.31,7.8,3.74,16.9
1893.04,5.31,7.71,3.74,17.1
1893.05,4.84,7.61,3.73,15.78
1893.06,4.61,7.42,3.73,15.42
1893.07,4.18,7.23,3.73,14.35
1893.08,4.08,6.95,3.72,14.59
1893.09,4.37,7.23,3.72,15.01
1893.1,4.5,7.33,3.71,15.27
1893.11,4.57,7.14,3.71,15.94
1893.12,4.41,7.04,3.7,15.61
1894.01,4.32,6.85,3.7,15.74
1894.02,4.38,6.76,3.68,16.2
1894.03,4.51,6.57,3.66,17.19
1894.04,4.57,6.57,3.64,17.43
1894.05,4.4,6.57,3.62,16.81
1894.06,4.34,6.57,3.6,16.61
1894.07,4.25,6.57,3.58,16.29
1894.08,4.41,6.76,3.56,16.46
1894.09,4.48,6.85,3.54,16.52
1894.1,4.34,6.66,3.52,16.5
1894.11,4.34,6.66,3.5,16.54
1894.12,4.3,6.57,3.48,16.67
1895.01,4.25,6.57,3.46,16.52
1895.02,4.19,6.57,3.47,16.33
1895.03,4.19,6.57,3.48,16.36
1895.04,4.37,6.85,3.5,16.39
1895.05,4.61,6.95,3.51,17.08
1895.06,4.7,7.04,3.52,17.21
1895.07,4.72,6.95,3.53,17.55
1895.08,4.79,6.85,3.54,18.07
1895.09,4.82,6.85,3.55,18.2
1895.1,4.75,6.85,3.57,17.94
1895.11,4.59,6.85,3.58,17.34
1895.12,4.32,6.76,3.59,16.55
1896.01,4.27,6.66,3.6,16.58
1896.02,4.45,6.57,3.58,17.52
1896.03,4.38,6.57,3.57,17.23
1896.04,4.42,6.47,3.55,17.64
1896.05,4.4,6.37,3.53,17.83
1896.06,4.32,6.28,3.52,17.78
1896.07,4.04,6.28,3.5,16.64
1896.08,3.81,6.28,3.48,15.7
1896.09,4.01,6.28,3.47,16.54
1896.1,4.1,6.47,3.45,16.44
1896.11,4.38,6.66,3.43,17.09
1896.12,4.22,6.66,3.42,16.5
1897.01,4.22,6.47,3.4,17.03
1897.02,4.18,6.47,3.4,16.89
1897.03,4.19,6.47,3.39,16.96
1897.04,4.06,6.37,3.39,16.7
1897.05,4.08,6.28,3.38,17.05
1897.06,4.27,6.28,3.38,17.85
1897.07,4.46,6.28,3.38,18.65
1897.08,4.75,6.57,3.37,19.01
1897.09,4.98,6.76,3.37,19.37
1897.1,4.82,6.66,3.36,19.03
1897.11,4.65,6.66,3.36,18.36
1897.12,4.75,6.66,3.35,18.75
1898.01,4.88,6.66,3.35,19.25
1898.02,4.87,6.76,3.33,18.92
1898.03,4.65,6.76,3.31,18.04
1898.04,4.57,6.76,3.29,17.71
1898.05,4.87,7.23,3.27,17.6
1898.06,5.06,6.76,3.25,19.54
1898.07,5.08,6.66,3.23,19.86
1898.08,5.27,6.66,3.2,20.54
1898.09,5.26,6.66,3.18,20.44
1898.1,5.15,6.66,3.16,19.95
1898.11,5.32,6.66,3.14,20.53
1898.12,5.65,6.76,3.12,21.4
1899.01,6.08,6.76,3.1,22.93
1899.02,6.31,6.95,3.1,23.05
1899.03,6.4,6.95,3.11,23.28
1899.04,6.48,7.04,3.11,23.15
1899.05,6.21,7.04,3.12,22.09
1899.06,6.07,7.14,3.12,21.21
1899.07,6.28,7.23,3.13,21.56
1899.08,6.44,7.33,3.13,21.73
1899.09,6.37,7.61,3.13,20.59
1899.1,6.34,7.71,3.14,20.15
1899.11,6.46,7.8,3.14,20.2
1899.12,6.02,7.9,3.15,18.51
1900.01,6.1,7.9,3.15,18.67
1900.02,6.21,7.99,3.15,18.7
1900.03,6.26,7.99,3.14,18.78
1900.04,6.34,7.99,3.14,18.94
1900.05,6.04,7.8,3.13,18.4
1900.06,5.86,7.71,3.13,17.99
1900.07,5.86,7.8,3.13,17.69
1900.08,5.94,7.71,3.12,18.07
1900.09,5.8,7.8,3.12,17.34
1900.1,6.01,7.71,3.11,18.1
1900.11,6.48,7.71,3.11,19.42
1900.12,6.87,7.61,3.1,20.74
1901.01,7.07,7.71,3.1,20.98
1901.02,7.25,7.61,3.11,21.68
1901.03,7.51,7.61,3.11,22.35
1901.04,8.14,7.52,3.12,24.41
1901.05,7.73,7.52,3.13,23.06
1901.06,8.5,7.52,3.13,25.24
1901.07,7.93,7.61,3.14,23.14
1901.08,8.04,7.71,3.15,23.08
1901.09,8.0,7.8,3.15,22.59
1901.1,7.91,7.8,3.16,22.25
1901.11,8.08,7.9,3.17,22.38
1901.12,7.95,7.99,3.17,21.68
1902.01,8.12,7.9,3.18,22.34
1902.02,8.19,7.9,3.19,22.46
1902.03,8.2,7.9,3.2,22.41
1902.04,8.48,7.99,3.21,22.82
1902.05,8.46,8.09,3.22,22.43
1902.06,8.41,8.18,3.23,21.96
1902.07,8.6,8.18,3.24,22.39
1902.08,8.83,8.09,3.25,23.17
1902.09,8.85,8.18,3.26,22.86
1902.1,8.57,8.75,3.27,20.6
1902.11,8.24,8.47,3.28,20.41
1902.12,8.05,8.56,3.29,19.63
1903.01,8.46,8.66,3.3,20.32
1903.02,8.41,8.66,3.31,20.11
1903.03,8.08,8.37,3.32,19.88
1903.04,7.75,8.37,3.33,18.98
1903.05,7.6,8.18,3.33,18.95
1903.06,7.18,8.18,3.34,17.82
1903.07,6.85,8.18,3.35,16.92
1903.08,6.63,8.18,3.36,16.3
1903.09,6.47,8.28,3.37,15.65
1903.1,6.26,8.18,3.38,15.25
1903.11,6.28,8.09,3.38,15.41
1903.12,6.57,8.09,3.39,16.04
1904.01,6.68,8.28,3.4,15.86
1904.02,6.5,8.47,3.41,15.02
1904.03,6.48,8.37,3.41,15.08
1904.04,6.64,8.28,3.42,15.57
1904.05,6.5,8.09,3.43,15.53
1904.06,6.51,8.09,3.43,15.47
1904.07,6.78,8.09,3.44,16.04
1904.08,7.01,8.18,3.45,16.3
1904.09,7.32,8.28,3.45,16.74
1904.1,7.75,8.28,3.46,17.63
1904.11,8.17,8.47,3.47,18.08
1904.12,8.25,8.47,3.47,18.16
1905.01,8.43,8.47,3.48,18.46
1905.02,8.8,8.47,3.48,19.17
1905.03,9.05,8.37,3.47,19.83
1905.04,8.94,8.37,3.47,19.48
1905.05,8.5,8.28,3.46,18.63
1905.06,8.6,8.28,3.46,18.74
1905.07,8.87,8.28,3.46,19.21
1905.08,9.2,8.37,3.45,19.57
1905.09,9.23,8.28,3.45,19.74
1905.1,9.36,8.28,3.44,19.9
1905.11,9.31,8.37,3.44,19.44
1905.12,9.54,8.47,3.43,19.58
1906.01,9.87,8.47,3.43,20.13
1906.02,9.8,8.47,3.45,19.87
1906.03,9.56,8.47,3.47,19.26
1906.04,9.43,8.47,3.49,18.88
1906.05,9.18,8.56,3.51,18.05
1906.06,9.3,8.56,3.53,18.17
1906.07,9.06,8.28,3.55,18.2
1906.08,9.73,8.47,3.57,18.97
1906.09,10.03,8.56,3.59,19.2
1906.1,9.73,8.75,3.61,18.1
1906.11,9.93,8.85,3.63,18.14
1906.12,9.84,8.94,3.65,17.66
1907.01,9.56,8.85,3.67,17.22
1907.02,9.26,9.04,3.69,16.22
1907.03,8.35,8.94,3.7,14.69
1907.04,8.39,8.94,3.72,14.67
1907.05,8.1,9.13,3.74,13.79
1907.06,7.84,9.23,3.75,13.14
1907.07,8.14,9.23,3.77,13.59
1907.08,7.53,9.23,3.79,12.51
1907.09,7.45,9.23,3.8,12.33
1907.1,6.64,9.32,3.82,10.83
1907.11,6.25,8.94,3.84,10.59
1907.12,6.57,8.75,3.85,11.33
1908.01,6.85,8.66,3.87,11.9
1908.02,6.6,8.56,3.86,11.55
1908.03,6.87,8.56,3.85,11.98
1908.04,7.24,8.66,3.84,12.45
1908.05,7.63,8.66,3.83,13.08
1908.06,7.64,8.66,3.82,13.05
1908.07,7.92,8.75,3.82,13.35
1908.08,8.26,8.75,3.81,13.88
1908.09,8.17,8.75,3.8,13.7
1908.1,8.27,8.85,3.79,13.69
1908.11,8.83,8.94,3.78,14.44
1908.12,9.03,9.04,3.77,14.58
1909.01,9.06,8.94,3.76,14.76
1909.02,8.8,9.04,3.77,14.17
1909.03,8.92,9.04,3.79,14.34
1909.04,9.32,9.23,3.8,14.65
1909.05,9.63,9.32,3.81,14.95
1909.06,9.8,9.42,3.82,15.04
1909.07,9.94,9.42,3.84,15.23
1909.08,10.18,9.51,3.85,15.42
1909.09,10.19,9.61,3.86,15.25
1909.1,10.23,9.8,3.87,14.99
1909.11,10.18,9.9,3.89,14.75
1909.12,10.3,9.99,3.9,14.75
1910.01,10.08,9.9,3.91,14.55
1910.02,9.72,9.9,3.92,14.0
1910.03,9.96,10.09,3.92,14.05
1910.04,9.72,10.18,3.93,13.56
1910.05,9.56,9.99,3.93,13.57
1910.06,9.1,9.9,3.94,13.02
1910.07,8.64,9.9,3.95,12.34
1910.08,8.85,9.8,3.95,12.75
1910.09,8.91,9.7,3.96,12.94
1910.1,9.32,9.42,3.96,13.92
1910.11,9.31,9.23,3.97,14.16
1910.12,9.05,9.23,3.97,13.74
1911.01,9.27,9.23,3.98,14.05
1911.02,9.43,8.94,3.98,14.72
1911.03,9.32,9.04,3.99,14.37
1911.04,9.28,8.75,3.99,14.75
1911.05,9.48,8.75,3.99,15.05
1911.06,9.67,8.75,3.99,15.33
1911.07,9.63,8.85,4.0,15.08
1911.08,9.17,9.13,4.0,13.9
1911.09,8.67,9.23,4.0,13.0
1911.1,8.72,9.23,4.0,13.07
1911.11,9.07,9.13,4.01,13.73
1911.12,9.11,9.04,4.01,13.93
1912.01,9.12,9.13,4.01,13.79
1912.02,9.04,9.23,4.05,13.53
1912.03,9.3,9.42,4.08,13.64
1912.04,9.59,9.7,4.12,13.65
1912.05,9.58,9.7,4.16,13.65
1912.06,9.58,9.61,4.19,13.79
1912.07,9.59,9.61,4.23,13.8
1912.08,9.81,9.7,4.27,13.98
1912.09,9.86,9.8,4.3,13.93
1912.1,9.84,9.8,4.34,13.91
1912.11,9.73,9.8,4.38,13.75
1912.12,9.38,9.7,4.41,13.39
1913.01,9.3,9.8,4.45,13.15
1913.02,8.97,9.8,4.43,12.68
1913.03,8.8,9.8,4.4,12.44
1913.04,8.79,9.8,4.38,12.43
1913.05,8.55,9.7,4.35,12.22
1913.06,8.12,9.8,4.33,11.49
1913.07,8.23,9.9,4.31,11.53
1913.08,8.45,9.9,4.28,11.85
1913.09,8.53,10.0,4.26,11.84
1913.1,8.26,10.0,4.23,11.47
1913.11,8.05,10.1,4.21,11.07
1913.12,8.04,10.0,4.18,11.17
1914.01,8.37,10.0,4.16,11.64
1914.02,8.48,9.9,4.17,11.91
1914.03,8.32,9.9,4.17,11.69
1914.04,8.12,9.8,4.18,11.52
1914.05,8.17,9.9,4.19,11.48
1914.06,8.13,9.9,4.19,11.43
1914.07,7.68,10.0,4.2,10.69
1914.08,7.68,10.2,4.21,10.49
1914.09,7.68,10.2,4.21,10.5
1914.1,7.68,10.1,4.22,10.61
1914.11,7.68,10.2,4.23,10.52
1914.12,7.35,10.1,4.23,10.17
1915.01,7.48,10.1,4.24,10.36
1915.02,7.38,10.0,4.22,10.33
1915.03,7.57,9.9,4.21,10.71
1915.04,8.14,10.0,4.19,11.4
1915.05,7.95,10.1,4.18,11.03
1915.06,8.04,10.1,4.16,11.15
1915.07,8.01,10.1,4.15,11.11
1915.08,8.35,10.1,4.13,11.58
1915.09,8.66,10.1,4.11,12.01
1915.1,9.14,10.2,4.1,12.55
1915.11,9.46,10.3,4.08,12.86
1915.12,9.48,10.3,4.07,12.88
1916.01,9.33,10.4,4.05,12.54
1916.02,9.2,10.4,4.07,12.35
1916.03,9.17,10.5,4.08,12.18
1916.04,9.07,10.6,4.1,11.91
1916.05,9.27,10.7,4.11,12.03
1916.06,9.36,10.8,4.13,12.0
1916.07,9.23,10.8,4.14,11.79
1916.08,9.3,10.9,4.16,11.73
1916.09,9.68,11.1,4.17,11.94
1916.1,9.98,11.3,4.19,12.05
1916.11,10.21,11.5,4.2,12.05
1916.12,9.8,11.6,4.22,11.41
1917.01,9.57,11.7,4.23,10.99
1917.02,9.03,12.0,4.26,10.06
1917.03,9.31,12.0,4.29,10.33
1917.04,9.17,12.6,4.32,9.64
1917.05,8.86,12.8,4.34,9.14
1917.06,9.04,13.0,4.37,9.15
1917.07,8.79,12.8,4.4,9.0
1917.08,8.53,13.0,4.43,8.57
1917.09,8.12,13.3,4.46,7.95
1917.1,7.68,13.5,4.49,7.39
1917.11,7.04,13.5,4.51,6.75
1917.12,6.8,13.7,4.54,6.41
1918.01,7.21,14.0,4.57,6.64
1918.02,7.43,14.1,4.56,6.78
1918.03,7.28,14.0,4.56,6.69
1918.04,7.21,14.2,4.55,6.52
1918.05,7.44,14.5,4.55,6.58
1918.06,7.45,14.7,4.54,6.5
1918.07,7.51,15.1,4.54,6.37
1918.08,7.58,15.4,4.53,6.3
1918.09,7.54,15.7,4.52,6.15
1918.1,7.86,16.0,4.52,6.29
1918.11,8.06,16.3,4.51,6.33
1918.12,7.9,16.5,4.51,6.13
1919.01,7.85,16.5,4.5,6.1
1919.02,7.88,16.2,4.54,6.24
1919.03,8.12,16.4,4.58,6.36
1919.04,8.39,16.7,4.62,6.46
1919.05,8.97,16.9,4.66,6.83
1919.06,9.21,16.9,4.7,7.02
1919.07,9.51,17.4,4.74,7.05
1919.08,8.87,17.7,4.77,6.48
1919.09,9.01,17.8,4.81,6.56
1919.1,9.47,18.1,4.85,6.79
1919.11,9.19,18.5,4.89,6.47
1919.12,8.92,18.9,4.93,6.16
1920.01,8.83,19.3,4.97,5.99
1920.02,8.1,19.5,4.98,5.46
1920.03,8.67,19.7,4.99,5.8
1920.04,8.6,20.3,5.0,5.6
1920.05,8.06,20.6,5.01,5.19
1920.06,7.92,20.9,5.02,5.04
1920.07,7.91,20.8,5.03,5.08
1920.08,7.6,20.3,5.04,5.02
1920.09,7.87,20.0,5.05,5.3
1920.1,7.88,19.9,5.06,5.35
1920.11,7.48,19.8,5.07,5.13
1920.12,6.81,19.4,5.08,4.78
1921.01,7.11,19.0,5.09,5.12
1921.02,7.06,18.4,5.02,5.27
1921.03,6.88,18.3,4.96,5.19
1921.04,6.91,18.1,4.89,5.3
1921.05,7.12,17.7,4.83,5.61
1921.06,6.55,17.6,4.76,5.22
1921.07,6.53,17.7,4.7,5.2
1921.08,6.45,17.7,4.63,5.16
1921.09,6.61,17.5,4.56,5.38
1921.1,6.7,17.5,4.5,5.48
1921.11,7.06,17.4,4.43,5.84
1921.12,7.31,17.3,4.37,6.11
1922.01,7.3,16.9,4.3,6.29
1922.02,7.46,16.9,4.31,6.46
1922.03,7.74,16.7,4.31,6.82
1922.04,8.21,16.7,4.32,7.27
1922.05,8.53,16.7,4.32,7.59
1922.06,8.45,16.7,4.33,7.56
1922.07,8.51,16.8,4.33,7.6
1922.08,8.83,16.6,4.34,8.02
1922.09,9.06,16.6,4.34,8.27
1922.1,9.26,16.7,4.35,8.43
1922.11,8.8,16.8,4.35,8.0
1922.12,8.78,16.9,4.36,7.96
1923.01,8.9,16.8,4.36,8.15
1923.02,9.28,16.8,4.34,8.53
1923.03,9.43,16.8,4.31,8.7
1923.04,9.1,16.9,4.29,8.37
1923.05,8.67,16.9,4.26,8.0
1923.06,8.34,17.0,4.24,7.67
1923.07,8.06,17.2,4.21,7.35
1923.08,8.1,17.1,4.19,7.44
1923.09,8.15,17.2,4.16,7.46
1923.1,8.03,17.3,4.14,7.32
1923.11,8.27,17.3,4.11,7.55
1923.12,8.55,17.3,4.09,7.81
1924.01,8.83,17.3,4.06,8.07
1924.02,8.87,17.2,4.04,8.16
1924.03,8.7,17.1,4.03,8.06
1924.04,8.5,17.0,4.01,7.92
1924.05,8.47,17.0,3.99,7.9
1924.06,8.63,17.0,3.98,8.05
1924.07,9.03,17.1,3.96,8.38
1924.08,9.34,17.0,3.94,8.72
1924.09,9.25,17.1,3.93,8.58
1924.1,9.13,17.2,3.91,8.42
1924.11,9.64,17.2,3.89,8.89
1924.12,10.16,17.3,3.88,9.31
1925.01,10.58,17.3,3.86,9.69
1925.02,10.67,17.2,3.85,9.83
1925.03,10.39,17.3,3.83,9.52
1925.04,10.28,17.2,3.82,9.48
1925.05,10.61,17.3,3.8,9.73
1925.06,10.8,17.5,3.79,9.8
1925.07,11.1,17.7,3.77,9.96
1925.08,11.25,17.7,3.76,10.11
1925.09,11.51,17.7,3.74,10.36
1925.1,11.89,17.7,3.73,10.72
1925.11,12.26,18.0,3.71,10.89
1925.12,12.46,17.9,3.7,11.15
1926.01,12.65,17.9,3.68,11.34
1926.02,12.67,17.9,3.65,11.39
1926.03,11.81,17.8,3.62,10.71
1926.04,11.48,17.9,3.6,10.4
1926.05,11.56,17.8,3.57,10.58
1926.06,12.11,17.7,3.54,11.2
1926.07,12.62,17.5,3.51,11.87
1926.08,13.12,17.4,3.48,12.49
1926.09,13.32,17.5,3.45,12.69
1926.1,13.02,17.6,3.43,12.43
1926.11,13.19,17.7,3.4,12.62
1926.12,13.49,17.7,3.37,13.01
1927.01,13.4,17.5,3.34,13.19
1927.02,13.66,17.4,3.34,13.63
1927.03,13.87,17.3,3.34,14.03
1927.04,14.21,17.3,3.34,14.49
1927.05,14.7,17.4,3.34,15.0
1927.06,14.89,17.6,3.34,15.12
1927.07,15.22,17.3,3.34,15.82
1927.08,16.03,17.2,3.33,16.86
1927.09,16.94,17.3,3.33,17.82
1927.1,16.68,17.4,3.33,17.54
1927.11,17.06,17.3,3.33,18.13
1927.12,17.46,17.3,3.33,18.65
1928.01,17.53,17.3,3.33,18.81
1928.02,17.32,17.1,3.35,18.87
1928.03,18.25,17.1,3.38,19.94
1928.04,19.4,17.1,3.4,21.26
1928.05,20.0,17.2,3.42,21.83
1928.06,19.02,17.1,3.44,20.91
1928.07,19.16,17.1,3.47,21.08
1928.08,19.78,17.1,3.49,21.76
1928.09,21.17,17.3,3.51,23.0
1928.1,21.6,17.2,3.53,23.58
1928.11,23.06,17.2,3.56,25.12
1928.12,23.15,17.1,3.58,25.3
1929.01,24.86,17.1,3.6,27.08
1929.02,24.99,17.1,3.57,27.13
1929.03,25.43,17.0,3.55,27.68
1929.04,25.28,16.9,3.52,27.57
1929.05,25.66,17.0,3.5,27.7
1929.06,26.15,17.1,3.47,27.94
1929.07,28.48,17.3,3.45,29.93
1929.08,30.1,17.3,3.42,31.48
1929.09,31.3,17.3,3.39,32.56
1929.1,27.99,17.3,3.37,28.96
1929.11,20.58,17.3,3.34,21.17
1929.12,21.4,17.2,3.32,22.01
1930.01,21.71,17.1,3.29,22.31
1930.02,23.07,17.0,3.29,23.7
1930.03,23.94,16.9,3.3,24.59
1930.04,25.46,17.0,3.3,25.84
1930.05,23.94,16.9,3.31,24.31
1930.06,21.52,16.8,3.31,21.87
1930.07,21.06,16.6,3.32,21.55
1930.08,20.79,16.5,3.32,21.3
1930.09,20.78,16.6,3.32,21.07
1930.1,17.92,16.5,3.33,18.21
1930.11,16.62,16.4,3.33,16.94
1930.12,15.51,16.1,3.34,16.06
1931.01,15.98,15.9,3.34,16.71
1931.02,17.2,15.7,3.37,18.16
1931.03,17.53,15.6,3.4,18.58
1931.04,15.86,15.5,3.43,16.87
1931.05,14.33,15.3,3.45,15.4
1931.06,13.87,15.1,3.48,15.06
1931.07,14.33,15.1,3.51,15.52
1931.08,13.9,15.1,3.54,15.01
1931.09,11.83,15.0,3.57,12.82
1931.1,10.25,14.9,3.6,11.15
1931.11,10.39,14.7,3.62,11.42
1931.12,8.44,14.6,3.65,9.31
1932.01,8.3,14.3,3.68,9.31
1932.02,8.23,14.1,3.65,9.34
1932.03,8.26,14.0,3.62,9.41
1932.04,6.28,13.9,3.59,7.19
1932.05,5.51,13.7,3.56,6.39
1932.06,4.77,13.6,3.53,5.57
1932.07,5.01,13.6,3.5,5.84
1932.08,7.53,13.5,3.46,8.83
1932.09,8.26,13.4,3.43,9.76
1932.1,7.12,13.3,3.4,8.48
1932.11,7.05,13.2,3.37,8.46
1932.12,6.82,13.1,3.34,8.26
1933.01,7.09,12.9,3.31,8.73
1933.02,6.25,12.7,3.29,7.83
1933.03,6.23,12.6,3.28,7.87
1933.04,6.89,12.6,3.26,8.72
1933.05,8.87,12.6,3.25,11.25
1933.06,10.39,12.7,3.23,13.1
1933.07,11.23,13.1,3.22,13.75
1933.08,10.67,13.2,3.2,13.0
1933.09,10.58,13.2,3.18,12.92
1933.1,9.55,13.2,3.17,11.7
1933.11,9.78,13.2,3.15,12.01
1933.12,9.97,13.2,3.14,12.28
1934.01,10.54,13.2,3.12,13.03
1934.02,11.32,13.3,3.09,13.93
1934.03,10.74,13.3,3.07,13.25
1934.04,10.92,13.3,3.04,13.52
1934.05,9.81,13.3,3.01,12.18
1934.06,9.94,13.4,2.98,12.29
1934.07,9.47,13.4,2.96,11.74
1934.08,9.1,13.4,2.93,11.32
1934.09,8.88,13.6,2.9,10.91
1934.1,8.95,13.5,2.87,11.11
1934.11,9.2,13.5,2.85,11.45
1934.12,9.26,13.4,2.82,11.64
1935.01,9.26,13.6,2.79,11.5
1935.02,8.98,13.7,2.78,11.09
1935.03,8.41,13.7,2.77,10.4
1935.04,9.04,13.8,2.76,11.1
1935.05,9.75,13.8,2.74,11.99
1935.06,10.12,13.7,2.73,12.54
1935.07,10.65,13.7,2.72,13.2
1935.08,11.37,13.7,2.71,14.11
1935.09,11.61,13.7,2.7,14.42
1935.1,11.92,13.7,2.69,14.83
1935.11,13.04,13.8,2.67,16.13
1935.12,13.04,13.8,2.66,16.16
1936.01,13.76,13.8,2.65,17.09
1936.02,14.55,13.8,2.65,18.1
1936.03,14.86,13.7,2.66,18.66
1936.04,14.88,13.7,2.66,18.72
1936.05,14.09,13.7,2.66,17.75
1936.06,14.69,13.8,2.66,18.39
1936.07,15.56,13.9,2.67,19.36
1936.08,15.87,14.0,2.67,19.62
1936.09,16.05,14.0,2.67,19.86
1936.1,16.89,14.0,2.67,20.91
1936.11,17.36,14.0,2.68,21.5
1936.12,17.06,14.0,2.68,21.13
1937.01,17.59,14.1,2.68,21.62
1937.02,18.11,14.1,2.67,22.24
1937.03,18.09,14.2,2.66,22.04
1937.04,17.01,14.3,2.65,20.56
1937.05,16.25,14.4,2.64,19.47
1937.06,15.64,14.4,2.63,18.71
1937.07,16.57,14.5,2.62,19.65
1937.08,16.74,14.5,2.61,19.81
1937.09,14.37,14.6,2.6,16.85
1937.1,12.28,14.6,2.59,14.36
1937.11,11.2,14.5,2.58,13.16
1937.12,11.02,14.4,2.57,13.01
1938.01,11.31,14.2,2.56,13.51
1938.02,11.04,14.1,2.54,13.26
1938.03,10.31,14.1,2.53,12.38
1938.04,9.89,14.2,2.51,11.79
1938.05,9.98,14.1,2.49,11.99
1938.06,10.21,14.1,2.48,12.29
1938.07,12.24,14.1,2.46,14.77
1938.08,12.31,14.1,2.44,14.9
1938.09,11.75,14.1,2.43,14.28
1938.1,13.06,14.0,2.41,16.06
1938.11,13.07,14.0,2.39,16.15
1938.12,12.69,14.0,2.38,15.76
1939.01,12.5,14.0,2.36,15.6
1939.02,12.4,13.9,2.35,15.66
1939.03,12.39,13.9,2.34,15.73
1939.04,10.83,13.8,2.32,13.92
1939.05,11.23,13.8,2.31,14.5
1939.06,11.43,13.8,2.3,14.83
1939.07,11.71,13.8,2.29,15.27
1939.08,11.54,13.8,2.27,15.12
1939.09,12.77,14.1,2.26,16.45
1939.1,12.9,14.0,2.25,16.82
1939.11,12.67,14.0,2.24,16.6
1939.12,12.37,14.0,2.22,16.28
1940.01,12.3,13.9,2.21,16.38
1940.02,12.22,14.0,2.19,16.22
1940.03,12.15,14.0,2.17,16.17
1940.04,12.27,14.0,2.15,16.37
1940.05,10.58,14.0,2.12,14.14
1940.06,9.67,14.1,2.1,12.84
1940.07,9.99,14.0,2.08,13.37
1940.08,10.2,14.0,2.06,13.65
1940.09,10.63,14.0,2.04,14.21
1940.1,10.73,14.0,2.02,14.33
1940.11,10.98,14.0,1.99,14.64
1940.12,10.53,14.1,1.97,13.91
1941.01,10.55,14.1,1.95,13.9
1941.02,9.89,14.1,1.99,13.0
1941.03,9.95,14.2,2.04,12.96
1941.04,9.64,14.3,2.08,12.43
1941.05,9.43,14.4,2.12,12.04
1941.06,9.76,14.7,2.16,12.16
1941.07,10.26,14.7,2.21,12.74
1941.08,10.21,14.9,2.25,12.46
1941.09,10.24,15.1,2.29,12.28
1941.1,9.83,15.3,2.33,11.58
1941.11,9.37,15.4,2.38,10.91
1941.12,8.76,15.5,2.42,10.09
1942.01,8.93,15.7,2.46,10.1
1942.02,8.65,15.8,2.46,9.68
1942.03,8.18,16.0,2.46,9.0
1942.04,7.84,16.1,2.46,8.54
1942.05,7.93,16.3,2.46,8.51
1942.06,8.33,16.3,2.46,8.91
1942.07,8.64,16.4,2.47,9.15
1942.08,8.59,16.5,2.47,9.01
1942.09,8.68,16.5,2.47,9.08
1942.1,9.32,16.7,2.47,9.6
1942.11,9.47,16.8,2.47,9.66
1942.12,9.52,16.9,2.47,9.62
1943.01,10.09,16.9,2.47,10.15
1943.02,10.69,16.9,2.47,10.71
1943.03,11.07,17.2,2.47,10.85
1943.04,11.44,17.4,2.47,11.04
1943.05,11.89,17.5,2.47,11.36
1943.06,12.1,17.5,2.47,11.52
1943.07,12.35,17.4,2.48,11.77
1943.08,11.74,17.3,2.48,11.21
1943.09,11.99,17.4,2.48,11.34
1943.1,11.88,17.4,2.48,11.19
1943.11,11.33,17.4,2.48,10.63
1943.12,11.48,17.4,2.48,10.74
1944.01,11.85,17.4,2.48,11.05
1944.02,11.77,17.4,2.47,10.95
1944.03,12.1,17.4,2.46,11.22
1944.04,11.89,17.5,2.45,10.94
1944.05,12.1,17.5,2.44,11.1
1944.06,12.67,17.6,2.43,11.53
1944.07,13.0,17.7,2.43,11.74
1944.08,12.81,17.7,2.42,11.54
1944.09,12.6,17.7,2.41,11.33
1944.1,12.91,17.7,2.4,11.58
1944.11,12.82,17.7,2.39,11.48
1944.12,13.1,17.8,2.38,11.64
1945.01,13.49,17.8,2.37,11.96
1945.02,13.94,17.8,2.36,12.34
1945.03,13.93,17.8,2.34,12.32
1945.04,14.28,17.8,2.33,12.63
1945.05,14.82,17.9,2.31,13.04
1945.06,15.09,18.1,2.3,13.13
1945.07,14.78,18.1,2.28,12.87
1945.08,14.83,18.1,2.27,12.92
1945.09,15.84,18.1,2.25,13.8
1945.1,16.5,18.1,2.24,14.37
1945.11,17.04,18.1,2.22,14.85
1945.12,17.33,18.2,2.21,15.02
1946.01,18.02,18.2,2.19,15.62
1946.02,18.07,18.1,2.2,15.76
1946.03,17.53,18.3,2.2,15.13
1946.04,18.66,18.4,2.21,16.04
1946.05,18.7,18.5,2.21,16.01
1946.06,18.58,18.7,2.22,15.77
1946.07,18.05,19.8,2.22,14.51
1946.08,17.7,20.2,2.23,13.98
1946.09,15.09,20.4,2.23,11.84
1946.1,14.75,20.8,2.24,11.39
1946.11,14.69,21.3,2.24,11.11
1946.12,15.13,21.5,2.25,11.37
1947.01,15.21,21.5,2.25,11.47
1947.02,15.8,21.5,2.27,11.95
1947.03,15.16,21.9,2.28,11.29
1947.04,14.6,21.9,2.3,10.9
1947.05,14.34,21.9,2.31,10.73
1947.06,14.84,22.0,2.33,11.08
1947.07,15.77,22.2,2.35,11.7
1947.08,15.46,22.5,2.36,11.34
1947.09,15.06,23.0,2.38,10.83
1947.1,15.45,23.0,2.39,11.13
1947.11,15.27,23.1,2.41,10.98
1947.12,15.03,23.4,2.42,10.68
1948.01,14.83,23.7,2.44,10.42
1948.02,14.1,23.5,2.43,10.0
1948.03,14.3,23.4,2.42,10.19
1948.04,15.4,23.8,2.41,10.78
1948.05,16.15,23.9,2.4,11.24
1948.06,16.82,24.1,2.39,11.58
1948.07,16.42,24.4,2.38,11.13
1948.08,15.94,24.5,2.36,10.72
1948.09,15.76,24.5,2.35,10.55
1948.1,16.19,24.4,2.34,10.83
1948.11,15.29,24.2,2.33,10.25
1948.12,15.19,24.1,2.32,10.16
1949.01,15.36,24.0,2.31,10.25
1949.02,14.77,23.8,2.31,9.87
1949.03,14.91,23.8,2.31,9.9
1949.04,14.89,23.9,2.31,9.78
1949.05,14.78,23.8,2.31,9.69
1949.06,13.97,23.9,2.31,9.07
1949.07,14.76,23.7,2.32,9.61
1949.08,15.29,23.8,2.32,9.85
1949.09,15.49,23.9,2.32,9.88
1949.1,15.89,23.7,2.32,10.17
1949.11,16.11,23.8,2.32,10.22
1949.12,16.54,23.6,2.32,10.53
1950.01,16.88,23.5,2.32,10.75
1950.02,17.21,23.5,2.34,10.91
1950.03,17.35,23.6,2.36,10.91
1950.04,17.84,23.6,2.38,11.18
1950.05,18.44,23.7,2.4,11.46
1950.06,18.74,23.8,2.42,11.55
1950.07,17.38,24.1,2.45,10.54
1950.08,18.43,24.3,2.47,11.04
1950.09,19.08,24.4,2.49,11.34
1950.1,19.87,24.6,2.51,11.66
1950.11,19.83,24.7,2.53,11.54
1950.12,19.75,25.0,2.55,11.31
1951.01,21.21,25.4,2.57,11.9
1951.02,22.0,25.7,2.58,12.14
1951.03,21.63,25.8,2.59,11.84
1951.04,21.92,25.8,2.6,11.95
1951.05,21.93,25.9,2.61,11.86
1951.06,21.55,25.9,2.62,11.62
1951.07,21.93,25.9,2.63,11.78
1951.08,22.89,25.9,2.63,12.26
1951.09,23.48,26.1,2.64,12.44
1951.1,23.36,26.2,2.65,12.31
1951.11,22.71,26.4,2.66,11.85
1951.12,23.41,26.5,2.67,12.15
1952.01,24.19,26.5,2.68,12.53
1952.02,23.75,26.3,2.69,12.36
1952.03,23.81,26.3,2.71,12.36
1952.04,23.74,26.4,2.72,12.24
1952.05,23.73,26.4,2.73,12.2
1952.06,24.38,26.5,2.74,12.45
1952.07,25.08,26.7,2.76,12.67
1952.08,25.18,26.7,2.77,12.68
1952.09,24.78,26.7,2.78,12.43
1952.1,24.26,26.7,2.79,12.13
1952.11,25.03,26.7,2.81,12.47
1952.12,26.04,26.7,2.82,12.93
1953.01,26.18,26.6,2.83,13.01
1953.02,25.86,26.5,2.8,12.86
1953.03,25.99,26.6,2.77,12.83
1953.04,24.71,26.6,2.83,12.16
1953.05,24.84,26.7,3.05,12.14
1953.06,23.95,26.8,3.11,11.62
1953.07,24.29,26.8,2.93,11.75
1953.08,24.39,26.9,2.95,11.72
1953.09,23.27,26.9,2.87,11.14
1953.1,23.97,27.0,2.66,11.39
1953.11,24.5,26.9,2.68,11.64
1953.12,24.83,26.9,2.59,11.75
1954.01,25.46,26.9,2.48,12.0
1954.02,26.02,26.9,2.47,12.22
1954.03,26.57,26.9,2.37,12.42
1954.04,27.63,26.8,2.29,12.91
1954.05,28.73,26.9,2.37,13.31
1954.06,28.96,26.9,2.38,13.36
1954.07,30.13,26.9,2.3,13.83
1954.08,30.73,26.9,2.36,14.04
1954.09,31.45,26.8,2.38,14.36
1954.1,32.18,26.8,2.43,14.62
1954.11,33.44,26.8,2.48,15.12
1954.12,34.97,26.7,2.51,15.79
1955.01,35.6,26.7,2.61,15.99
1955.02,36.79,26.7,2.65,16.44
1955.03,36.5,26.7,2.68,16.22
1955.04,37.76,26.7,2.75,16.69
1955.05,37.6,26.7,2.76,16.52
1955.06,39.78,26.7,2.78,17.37
1955.07,42.69,26.8,2.9,18.45
1955.08,42.43,26.8,2.97,18.22
1955.09,44.34,26.9,2.97,18.84
1955.1,42.11,26.9,2.88,17.77
1955.11,44.95,26.9,2.89,18.84
1955.12,45.37,26.8,2.96,18.94
1956.01,44.15,26.8,2.9,18.29
1956.02,44.43,26.8,2.84,18.27
1956.03,47.49,26.8,2.96,19.37
1956.04,48.05,26.9,3.18,19.37
1956.05,46.54,27.0,3.07,18.54
1956.06,46.27,27.2,3.0,18.16
1956.07,48.78,27.4,3.11,18.86
1956.08,48.49,27.3,3.33,18.67
1956.09,46.84,27.4,3.38,17.84
1956.1,46.24,27.5,3.34,17.42
1956.11,45.76,27.5,3.49,17.12
1956.12,46.44,27.6,3.59,17.2
1957.01,45.43,27.6,3.46,16.72
1957.02,43.47,27.7,3.34,15.84
1957.03,44.03,27.8,3.41,15.9
1957.04,45.05,27.9,3.48,16.12
1957.05,46.78,28.0,3.6,16.6
1957.06,47.55,28.1,3.8,16.73
1957.07,48.51,28.3,3.93,16.87
1957.08,45.84,28.3,3.93,15.87
1957.09,43.98,28.3,3.92,15.16
1957.1,41.24,28.3,3.97,14.15
1957.11,40.35,28.4,3.72,13.74
1957.12,40.33,28.4,3.21,13.67
1958.01,41.12,28.6,3.09,13.79
1958.02,41.26,28.6,3.05,13.78
1958.03,42.11,28.8,2.98,13.93
1958.04,42.34,28.9,2.88,13.91
1958.05,43.7,28.9,2.92,14.32
1958.06,44.75,28.9,2.97,14.64
1958.07,45.98,29.0,3.2,14.96
1958.08,47.7,28.9,3.54,15.54
1958.09,48.96,28.9,3.76,15.93
1958.1,50.95,28.9,3.8,16.56
1958.11,52.5,29.0,3.74,16.99
1958.12,53.49,28.9,3.86,17.36
1959.01,55.62,29.0,4.02,17.98
1959.02,54.77,28.9,3.96,17.76
1959.03,56.16,28.9,3.99,18.2
1959.04,57.1,29.0,4.12,18.43
1959.05,57.96,29.0,4.31,18.69
1959.06,57.46,29.1,4.34,18.45
1959.07,59.74,29.2,4.4,19.09
1959.08,59.4,29.2,4.43,18.96
1959.09,57.05,29.3,4.68,18.12
1959.1,57.0,29.4,4.53,18.02
1959.11,57.23,29.4,4.53,18.07
1959.12,59.06,29.4,4.69,18.62
1960.01,58.03,29.3,4.72,18.34
1960.02,55.78,29.4,4.49,17.55
1960.03,55.02,29.4,4.25,17.29
1960.04,55.73,29.5,4.28,17.43
1960.05,55.22,29.5,4.35,17.26
1960.06,57.26,29.6,4.15,17.82
1960.07,55.84,29.6,3.9,17.38
1960.08,56.51,29.6,3.8,17.58
1960.09,54.81,29.6,3.8,17.05
1960.1,53.73,29.8,3.89,16.61
1960.11,55.47,29.8,3.93,17.15
1960.12,56.8,29.8,3.84,17.56
1961.01,59.72,29.8,3.84,18.47
1961.02,62.17,29.8,3.78,19.23
1961.03,64.12,29.8,3.74,19.84
1961.04,65.83,29.8,3.78,20.38
1961.05,66.5,29.8,3.71,20.6
1961.06,65.62,29.8,3.88,20.33
1961.07,65.44,30.0,3.92,20.15
1961.08,67.79,29.9,4.04,20.94
1961.09,67.26,30.0,3.98,20.71
1961.1,68.0,30.0,3.92,20.92
1961.11,71.08,30.0,3.94,21.86
1961.12,71.74,30.0,4.06,22.04
1962.01,69.07,30.0,4.08,21.2
1962.02,70.22,30.1,4.04,21.45
1962.03,70.29,30.1,3.93,21.44
1962.04,68.05,30.2,3.84,20.66
1962.05,62.99,30.2,3.87,19.09
1962.06,55.63,30.2,3.91,16.83
1962.07,56.97,30.3,4.01,17.14
1962.08,58.52,30.3,3.98,17.57
1962.09,58.0,30.4,3.98,17.32
1962.1,56.17,30.4,3.93,16.74
1962.11,60.04,30.4,3.92,17.85
1962.12,62.64,30.4,3.86,18.59
1963.01,65.06,30.4,3.83,19.26
1963.02,65.92,30.4,3.92,19.47
1963.03,65.67,30.5,3.93,19.29
1963.04,68.76,30.5,3.97,20.15
1963.05,70.14,30.5,3.93,20.51
1963.06,70.11,30.6,3.99,20.38
1963.07,69.07,30.7,4.02,19.97
1963.08,70.98,30.7,4.0,20.47
1963.09,72.85,30.7,4.08,20.96
1963.1,73.03,30.8,4.11,20.89
1963.11,72.62,30.8,4.12,20.72
1963.12,74.17,30.9,4.13,21.04
1964.01,76.45,30.9,4.17,21.63
1964.02,77.39,30.9,4.15,21.83
1964.03,78.8,30.9,4.22,22.17
1964.04,79.94,30.9,4.23,22.42
1964.05,80.72,30.9,4.2,22.57
1964.06,80.24,31.0,4.17,22.3
1964.07,83.22,31.1,4.19,22.98
1964.08,82.0,31.0,4.19,22.65
1964.09,83.41,31.1,4.2,22.89
1964.1,84.85,31.1,4.19,23.21
1964.11,85.44,31.2,4.15,23.23
1964.12,83.96,31.2,4.18,22.75
1965.01,86.12,31.2,4.19,23.27
1965.02,86.75,31.2,4.21,23.37
1965.03,86.83,31.3,4.21,23.25
1965.04,87.97,31.4,4.2,23.42
1965.05,89.28,31.4,4.21,23.71
1965.06,85.04,31.6,4.21,22.39
1965.07,84.91,31.6,4.2,22.3
1965.08,86.49,31.6,4.25,22.67
1965.09,89.38,31.6,4.29,23.37
1965.1,91.39,31.7,4.35,23.78
1965.11,92.15,31.7,4.45,23.93
1965.12,91.73,31.8,4.62,23.69
1966.01,93.32,31.8,4.61,24.06
1966.02,92.69,32.0,4.83,23.7
1966.03,88.88,32.1,4.87,22.61
1966.04,91.6,32.3,4.75,23.11
1966.05,86.78,32.3,4.78,21.85
1966.06,86.06,32.4,4.81,21.56
1966.07,85.84,32.5,5.02,21.38
1966.08,80.65,32.7,5.22,19.91
1966.09,77.81,32.7,5.18,19.16
1966.1,77.13,32.9,5.01,18.83
1966.11,80.99,32.9,5.16,19.71
1966.12,81.33,32.9,4.84,19.74
1967.01,84.45,32.9,4.58,20.43
1967.02,87.36,32.9,4.63,21.07
1967.03,89.42,33.0,4.54,21.44
1967.04,90.96,33.1,4.59,21.69
1967.05,92.59,33.2,4.85,21.95
1967.06,91.43,33.3,5.02,21.55
1967.07,93.01,33.4,5.16,21.8
1967.08,94.49,33.5,5.28,22.03
1967.09,95.81,33.6,5.3,22.22
1967.1,95.66,33.7,5.48,22.07
1967.11,92.66,33.8,5.75,21.26
1967.12,95.3,33.9,5.7,21.75
1968.01,95.04,34.1,5.53,21.51
1968.02,90.75,34.2,5.56,20.42
1968.03,89.09,34.3,5.74,19.93
1968.04,95.67,34.4,5.64,21.28
1968.05,97.87,34.5,5.87,21.63
1968.06,100.5,34.7,5.72,22.0
1968.07,100.3,34.9,5.5,21.75
1968.08,98.11,35.0,5.42,21.14
1968.09,101.3,35.1,5.46,21.68
1968.1,103.8,35.3,5.58,22.0
1968.11,105.4,35.4,5.7,22.2
1968.12,106.5,35.5,6.03,22.28
1969.01,102.0,35.6,6.04,21.19
1969.02,101.5,35.8,6.19,20.9
1969.03,99.3,36.1,6.3,20.2
1969.04,101.3,36.3,6.17,20.43
1969.05,104.6,36.4,6.32,20.97
1969.06,99.14,36.6,6.57,19.71
1969.07,94.71,36.8,6.72,18.68
1969.08,94.18,37.0,6.69,18.43
1969.09,94.51,37.1,7.16,18.4
1969.1,95.52,37.3,7.1,18.45
1969.11,96.21,37.5,7.14,18.44
1969.12,91.11,37.7,7.65,17.33
1970.01,90.31,37.8,7.79,17.09
1970.02,87.16,38.0,7.24,16.37
1970.03,88.65,38.2,7.07,16.53
1970.04,85.95,38.5,7.39,15.87
1970.05,76.06,38.6,7.91,13.98
1970.06,75.59,38.8,7.84,13.8
1970.07,75.72,39.0,7.46,13.73
1970.08,77.92,39.0,7.53,14.1
1970.09,82.58,39.2,7.39,14.84
1970.1,84.37,39.4,7.33,15.06
1970.11,84.28,39.6,6.84,14.95
1970.12,90.05,39.8,6.39,15.87
1971.01,93.49,39.8,6.24,16.46
1971.02,97.11,39.9,6.11,17.03
1971.03,99.6,40.0,5.7,17.4
1971.04,103.0,40.1,5.83,17.92
1971.05,101.6,40.3,6.39,17.56
1971.06,99.72,40.6,6.52,17.08
1971.07,99.0,40.7,6.73,16.89
1971.08,97.24,40.8,6.58,16.52
1971.09,99.4,40.8,6.14,16.86
1971.1,97.29,40.9,5.93,16.43
1971.11,92.78,40.9,5.81,15.64
1971.12,99.17,41.1,5.93,16.6
1972.01,103.3,41.1,5.95,17.26
1972.02,105.2,41.3,6.08,17.46
1972.03,107.7,41.4,6.07,17.81
1972.04,108.8,41.5,6.19,17.92
1972.05,107.7,41.6,6.13,17.66
1972.06,108.0,41.7,6.11,17.64
1972.07,107.2,41.9,6.11,17.4
1972.08,111.0,42.0,6.21,17.94
1972.09,109.4,42.1,6.55,17.61
1972.1,109.6,42.3,6.48,17.53
1972.11,115.1,42.4,6.28,18.34
1972.12,117.5,42.5,6.36,18.65
1973.01,118.4,42.6,6.46,18.71
1973.02,114.2,42.9,6.64,17.89
1973.03,112.4,43.3,6.71,17.41
1973.04,110.3,43.6,6.67,16.94
1973.05,107.2,43.9,6.85,16.31
1973.06,104.8,44.2,6.9,15.81
1973.07,105.8,44.3,7.13,15.89
1973.08,103.8,45.1,7.4,15.28
1973.09,105.6,45.2,7.09,15.48
1973.1,109.8,45.6,6.79,15.91
1973.11,102.0,45.9,6.73,14.65
1973.12,94.78,46.2,6.74,13.49
1974.01,96.11,46.6,6.99,13.53
1974.02,93.45,47.2,6.96,12.96
1974.03,97.44,47.8,7.21,13.31
1974.04,92.46,48.0,7.51,12.55
1974.05,89.67,48.6,7.58,12.0
1974.06,89.79,49.0,7.54,11.89
1974.07,79.31,49.4,7.81,10.39
1974.08,76.03,50.0,8.04,9.82
1974.09,68.12,50.6,8.04,8.68
1974.1,69.44,51.1,7.9,8.74
1974.11,71.74,51.5,7.68,8.95
1974.12,67.07,51.9,7.43,8.29
1975.01,72.56,52.1,7.5,8.92
1975.02,80.1,52.5,7.39,9.76
1975.03,83.78,52.7,7.73,10.16
1975.04,84.72,52.9,8.23,10.23
1975.05,90.1,53.2,8.06,10.82
1975.06,92.4,53.6,7.86,11.01
1975.07,92.49,54.2,8.06,10.9
1975.08,85.71,54.3,8.4,10.09
1975.09,84.67,54.6,8.43,9.92
1975.1,88.57,54.9,8.14,10.33
1975.11,90.07,55.3,8.05,10.44
1975.12,88.7,55.5,8.0,10.25
1976.01,96.86,55.6,7.74,11.19
1976.02,100.6,55.8,7.79,11.59
1976.03,101.1,55.9,7.73,11.63
1976.04,101.9,56.1,7.56,11.69
1976.05,101.2,56.5,7.9,11.53
1976.06,101.8,56.8,7.86,11.54
1976.07,104.2,57.1,7.83,11.76
1976.08,103.3,57.4,7.77,11.6
1976.09,105.5,57.6,7.59,11.81
1976.1,101.9,57.9,7.41,11.35
1976.11,101.2,58.0,7.29,11.25
1976.12,104.7,58.2,6.87,11.6
1977.01,103.8,58.5,7.21,11.44
1977.02,101.0,59.1,7.39,11.01
1977.03,100.6,59.5,7.46,10.9
1977.04,99.05,60.0,7.37,10.64
1977.05,98.76,60.3,7.46,10.55
1977.06,99.29,60.7,7.28,10.53
1977.07,100.2,61.0,7.33,10.57
1977.08,97.75,61.2,7.4,10.27
1977.09,96.23,61.4,7.34,10.07
1977.1,93.74,61.6,7.52,9.77
1977.11,94.28,61.9,7.58,9.77
1977.12,93.82,62.1,7.69,9.68
1978.01,90.25,62.5,7.96,9.24
1978.02,88.98,62.9,8.03,9.05
1978.03,88.82,63.4,8.04,8.95
1978.04,92.71,63.9,8.15,9.26
1978.05,97.41,64.5,8.35,9.63
1978.06,97.66,65.2,8.46,9.55
1978.07,97.19,65.7,8.64,9.43
1978.08,103.9,66.0,8.41,10.02
1978.09,103.9,66.5,8.42,9.94
1978.1,100.6,67.1,8.64,9.53
1978.11,94.71,67.4,8.81,8.93
1978.12,96.11,67.7,9.01,9.01
1979.01,99.71,68.3,9.1,9.26
1979.02,98.23,69.1,9.1,9.0
1979.03,100.1,69.8,9.12,9.07
1979.04,102.1,70.6,9.18,9.13
1979.05,99.73,71.5,9.25,8.79
1979.06,101.7,72.3,8.91,8.85
1979.07,102.7,73.1,8.95,8.83
1979.08,107.4,73.8,9.03,9.13
1979.09,108.6,74.6,9.33,9.11
1979.1,104.5,75.2,10.3,8.68
1979.11,103.7,75.9,10.65,8.52
1979.12,107.8,76.7,10.39,8.75
1980.01,110.9,77.8,10.8,8.85
1980.02,115.3,78.9,12.41,9.05
1980.03,104.7,80.1,12.75,8.08
1980.04,103.0,81.0,11.47,7.84
1980.05,107.7,81.8,10.18,8.1
1980.06,114.6,82.7,9.78,8.51
1980.07,119.8,82.7,10.25,8.88
1980.08,123.5,83.3,11.1,9.07
1980.09,126.5,84.0,11.51,9.2
1980.1,130.2,84.8,11.75,9.36
1980.11,135.7,85.5,12.68,9.65
1980.12,133.5,86.3,12.84,9.39
1981.01,133.0,87.0,12.57,9.26
1981.02,128.4,87.9,13.19,8.83
1981.03,133.2,88.5,13.12,9.08
1981.04,134.4,89.1,13.68,9.09
1981.05,131.7,89.8,14.1,8.82
1981.06,132.3,90.6,13.47,8.77
1981.07,129.1,91.6,14.28,8.45
1981.08,129.6,92.3,14.94,8.4
1981.09,118.3,93.2,15.32,7.58
1981.1,119.8,93.4,15.15,7.65
1981.11,122.9,93.7,13.39,7.81
1981.12,123.8,94.0,13.72,7.83
1982.01,117.3,94.3,14.59,7.39
1982.02,114.5,94.6,14.43,7.18
1982.03,110.8,94.5,13.86,6.95
1982.04,116.3,94.9,13.87,7.26
1982.05,116.4,95.8,13.62,7.19
1982.06,109.7,97.0,14.3,6.69
1982.07,109.4,97.5,13.95,6.64
1982.08,109.7,97.7,13.06,6.64
1982.09,122.4,97.9,12.34,7.4
1982.1,132.7,98.2,10.91,8.0
1982.11,138.1,98.0,10.55,8.35
1982.12,139.4,97.6,10.54,8.47
1983.01,144.3,97.8,10.46,8.76
1983.02,146.8,97.9,10.72,8.91
1983.03,151.9,97.9,10.51,9.23
1983.04,157.7,98.6,10.4,9.53
1983.05,164.1,99.2,10.38,9.87
1983.06,166.4,99.5,10.85,10.0
1983.07,167.0,99.9,11.38,10.01
1983.08,162.4,100.2,11.85,9.73
1983.09,167.2,100.7,11.65,9.98
1983.1,167.7,101.0,11.54,10.0
1983.11,165.2,101.2,11.69,9.85
1983.12,164.4,101.3,11.83,9.82
1984.01,166.4,101.9,11.67,9.89
1984.02,157.3,102.4,11.84,9.32
1984.03,157.4,102.6,12.32,9.33
1984.04,157.6,103.1,12.63,9.31
1984.05,156.6,103.4,13.41,9.23
1984.06,153.1,103.7,13.56,9.01
1984.07,151.1,104.1,13.36,8.87
1984.08,164.4,104.5,12.72,9.62
1984.09,166.1,105.0,12.52,9.69
1984.1,164.8,105.3,12.16,9.6
1984.11,166.3,105.3,11.57,9.69
1984.12,164.5,105.3,11.5,9.6
1985.01,171.6,105.5,11.38,10.0
1985.02,180.9,106.0,11.51,10.49
1985.03,179.4,106.4,11.86,10.37
1985.04,180.6,106.9,11.43,10.4
1985.05,184.9,107.3,10.85,10.61
1985.06,188.9,107.6,10.16,10.81
1985.07,192.5,107.8,10.31,11.0
1985.08,188.3,108.0,10.33,10.74
1985.09,184.1,108.3,10.37,10.47
1985.1,186.2,108.7,10.24,10.55
1985.11,197.5,109.0,9.78,11.16
1985.12,207.3,109.3,9.26,11.69
1986.01,208.2,109.6,9.19,11.72
1986.02,219.4,109.3,8.7,12.39
1986.03,232.3,108.8,7.78,13.19
1986.04,238.0,108.6,7.3,13.55
1986.05,238.5,108.9,7.71,13.56
1986.06,245.3,109.5,7.8,13.89
1986.07,240.2,109.5,7.3,13.62
1986.08,245.0,109.7,7.17,13.89
1986.09,238.3,110.2,7.45,13.47
1986.1,237.4,110.3,7.43,13.43
1986.11,245.1,110.4,7.25,13.87
1986.12,248.6,110.5,7.11,14.09
1987.01,264.5,111.2,7.08,14.92
1987.02,280.9,111.6,7.25,15.82
1987.03,292.5,112.1,7.25,16.43
1987.04,289.3,112.7,8.02,16.2
1987.05,289.1,113.1,8.61,16.16
1987.06,301.4,113.5,8.4,16.83
1987.07,310.1,113.8,8.45,17.31
1987.08,329.4,114.4,8.76,18.33
1987.09,318.7,115.0,9.42,17.68
1987.1,280.2,115.3,9.52,15.53
1987.11,245.0,115.4,8.86,13.59
1987.12,241.0,115.4,8.99,13.39
1988.01,250.5,115.7,8.67,13.9
1988.02,258.1,116.0,8.21,14.3
1988.03,265.7,116.5,8.37,14.67
1988.04,262.6,117.1,8.72,14.43
1988.05,256.1,117.5,9.09,14.03
1988.06,270.7,118.0,8.92,14.77
1988.07,269.1,118.5,9.06,14.61
1988.08,263.7,119.0,9.26,14.24
1988.09,268.0,119.8,8.98,14.37
1988.1,277.4,120.2,8.8,14.81
1988.11,271.0,120.3,8.96,14.45
1988.12,276.5,120.5,9.11,14.7
1989.01,285.4,121.1,9.09,15.09
1989.02,294.0,121.6,9.17,15.47
1989.03,292.7,122.3,9.36,15.3
1989.04,302.3,123.1,9.18,15.69
1989.05,313.9,123.8,8.86,16.19
1989.06,323.7,124.1,8.28,16.64
1989.07,331.9,124.4,8.02,17.01
1989.08,346.6,124.6,8.11,17.73
1989.09,347.3,125.0,8.19,17.71
1989.1,347.4,125.6,8.01,17.64
1989.11,340.2,125.9,7.87,17.24
1989.12,348.6,126.1,7.84,17.65
1990.01,339.97,127.4,8.21,17.05
1990.02,330.45,128.0,8.47,16.51
1990.03,338.46,128.7,8.59,16.83
1990.04,338.18,128.9,8.79,16.81
1990.05,350.25,129.2,8.76,17.39
1990.06,360.39,129.9,8.48,17.82
1990.07,360.03,130.4,8.47,17.75
1990.08,330.75,131.6,8.75,16.17
1990.09,315.41,132.7,8.89,15.3
1990.1,307.12,133.5,8.72,14.82
1990.11,315.29,133.8,8.39,15.19
1990.12,328.75,133.8,8.08,15.85
1991.01,325.49,134.6,8.09,15.61
1991.02,362.26,134.8,7.85,17.35
1991.03,372.28,135.0,8.11,17.82
1991.04,379.68,135.2,8.04,18.16
1991.05,377.99,135.6,8.07,18.04
1991.06,378.29,136.0,8.28,18.02
1991.07,380.23,136.2,8.27,18.1
1991.08,389.4,136.6,7.9,18.51
1991.09,387.2,137.2,7.65,18.36
1991.1,386.88,137.4,7.53,18.35
1991.11,385.92,137.8,7.42,18.29
1991.12,388.51,137.9,7.09,18.44
1992.01,416.08,138.1,7.03,19.77
1992.02,412.56,138.6,7.34,19.58
1992.03,407.36,139.3,7.54,19.28
1992.04,407.41,139.5,7.48,19.3
1992.05,414.81,139.7,7.39,19.66
1992.06,408.27,140.2,7.26,19.32
1992.07,415.05,140.5,6.84,19.62
1992.08,417.93,140.9,6.59,19.72
1992.09,418.48,141.3,6.42,19.71
1992.1,412.5,141.8,6.59,19.37
1992.11,422.84,142.0,6.87,19.83
1992.12,435.64,141.9,6.77,20.45
1993.01,435.23,142.6,6.6,20.32
1993.02,441.7,143.1,6.26,20.55
1993.03,450.16,143.6,5.98,20.86
1993.04,443.08,144.0,5.97,20.46
1993.05,445.25,144.2,6.04,20.52
1993.06,448.06,144.4,5.96,20.61
1993.07,447.29,144.4,5.81,20.56
1993.08,454.13,144.8,5.68,20.81
1993.09,459.24,145.1,5.36,20.99
1993.1,463.9,145.7,5.33,21.11
1993.11,462.89,145.8,5.72,21.04
1993.12,465.95,145.8,5.77,21.16
1994.01,472.99,146.2,5.75,21.41
1994.02,471.58,146.7,5.97,21.26
1994.03,463.81,147.2,6.48,20.83
1994.04,447.23,147.4,6.97,20.06
1994.05,450.9,147.5,7.18,20.2
1994.06,454.83,148.0,7.1,20.29
1994.07,451.4,148.4,7.3,20.07
1994.08,464.24,149.0,7.24,20.54
1994.09,466.96,149.4,7.46,20.58
1994.1,463.81,149.5,7.74,20.4
1994.11,461.01,149.7,7.96,20.21
1994.12,455.19,149.7,7.81,19.91
1995.01,465.25,150.3,7.78,20.22
1995.02,481.92,150.9,7.47,20.8
1995.03,493.15,151.4,7.2,21.15
1995.04,507.91,151.9,7.06,21.64
1995.05,523.81,152.2,6.63,22.2
1995.06,539.35,152.5,6.17,22.72
1995.07,557.37,152.5,6.28,23.38
1995.08,559.11,152.9,6.49,23.28
1995.09,578.77,153.2,6.2,23.95
1995.1,582.92,153.7,6.04,23.93
1995.11,595.53,153.6,5.93,24.35
1995.12,614.57,153.5,5.71,25.03
1996.01,614.42,154.4,5.65,24.76
1996.02,649.54,154.9,5.81,25.98
1996.03,647.07,155.7,6.27,25.63
1996.04,647.17,156.3,6.51,25.42
1996.05,661.23,156.6,6.74,25.81
1996.06,668.5,156.7,6.91,25.97
1996.07,644.07,157.0,6.87,24.86
1996.08,662.68,157.3,6.64,25.41
1996.09,674.88,157.8,6.83,25.68
1996.1,701.46,158.3,6.53,26.48
1996.11,735.67,158.6,6.2,27.59
1996.12,743.25,158.6,6.3,27.72
1997.01,766.22,159.1,6.58,28.33
1997.02,798.39,159.6,6.42,29.27
1997.03,792.16,160.0,6.69,28.8
1997.04,763.93,160.2,6.89,27.59
1997.05,833.09,160.1,6.71,29.93
1997.06,876.29,160.3,6.49,31.26
1997.07,925.29,160.5,6.22,32.77
1997.08,927.24,160.8,6.3,32.59
1997.09,937.02,161.2,6.21,32.67
1997.1,951.16,161.6,6.03,32.9
1997.11,938.92,161.5,5.88,32.34
1997.12,962.37,161.3,5.81,33.03
1998.01,963.36,161.6,5.54,32.86
1998.02,1023.74,161.9,5.57,34.71
1998.03,1076.83,162.2,5.65,36.3
1998.04,1112.2,162.5,5.64,37.28
1998.05,1108.42,162.8,5.65,36.96
1998.06,1108.39,163.0,5.5,36.8
1998.07,1156.58,163.2,5.46,38.26
1998.08,1074.62,163.4,5.34,35.42
1998.09,1020.64,163.6,4.81,33.53
1998.1,1032.47,164.0,4.53,33.77
1998.11,1144.43,164.0,4.83,37.37
1998.12,1190.05,163.9,4.65,38.82
1999.01,1248.77,164.3,4.72,40.58
1999.02,1246.58,164.5,5.0,40.4
1999.03,1281.66,165.0,5.23,41.36
1999.04,1334.76,166.2,5.18,42.7
1999.05,1332.07,166.2,5.54,42.56
1999.06,1322.55,166.2,5.9,42.18
1999.07,1380.99,166.7,5.79,43.83
1999.08,1327.49,167.1,5.94,41.93
1999.09,1318.17,167.9,5.92,41.32
1999.1,1300.01,168.2,6.11,40.55
1999.11,1391.0,168.3,6.03,43.21
1999.12,1428.68,168.3,6.28,44.2
2000.01,1425.59,168.8,6.66,43.77
2000.02,1388.87,169.8,6.52,42.19
2000.03,1442.21,171.2,6.26,43.22
2000.04,1461.36,171.3,5.99,43.53
2000.05,1418.48,171.5,6.44,41.97
2000.06,1461.96,172.4,6.1,42.78
2000.07,1473.0,172.8,6.05,42.76
2000.08,1485.46,172.8,5.83,42.87
2000.09,1468.05,173.7,5.8,41.9
2000.1,1390.14,174.0,5.74,39.37
2000.11,1378.04,174.1,5.72,38.78
2000.12,1330.93,174.0,5.24,37.27
2001.01,1335.63,175.1,5.16,36.98
2001.02,1305.75,175.8,5.1,35.83
2001.03,1185.85,176.2,4.89,32.33
2001.04,1189.84,176.9,5.14,32.17
2001.05,1270.37,177.7,5.39,34.07
2001.06,1238.71,178.0,5.28,33.07
2001.07,1204.45,177.5,5.24,32.16
2001.08,1178.5,177.5,4.97,31.4
2001.09,1044.64,178.3,4.73,27.67
2001.1,1076.59,177.7,4.57,28.58
2001.11,1129.68,177.4,4.65,30.01
2001.12,1144.93,176.7,5.09,30.5
2002.01,1140.21,177.1,5.04,30.28
2002.02,1100.67,177.8,4.91,29.09
2002.03,1153.79,178.8,5.28,30.29
2002.04,1111.93,179.8,5.21,29.01
2002.05,1079.25,179.8,5.16,28.13
2002.06,1014.02,179.9,4.93,26.39
2002.07,903.59,180.1,4.65,23.46
2002.08,912.55,180.7,4.26,23.59
2002.09,867.81,181.0,3.87,22.37
2002.1,854.63,181.3,3.94,21.96
2002.11,909.93,181.3,4.05,23.35
2002.12,899.18,180.9,4.03,23.1
2003.01,895.84,181.7,4.05,22.9
2003.02,837.03,183.1,3.9,21.21
2003.03,846.63,184.2,3.81,21.31
2003.04,890.03,183.8,3.96,22.43
2003.05,935.96,183.5,3.57,23.59
2003.06,988.0,183.7,3.33,24.83
2003.07,992.54,183.9,3.98,24.87
2003.08,989.53,184.6,4.45,24.64
2003.09,1019.44,185.2,4.27,25.24
2003.1,1038.73,185.0,4.29,25.68
2003.11,1049.9,184.5,4.3,25.95
2003.12,1080.64,184.3,4.27,26.64
2004.01,1132.52,185.2,4.15,27.66
2004.02,1143.36,186.2,4.08,27.65
2004.03,1123.98,187.4,3.83,26.89
2004.04,1133.36,188.0,4.35,26.9
2004.05,1102.78,189.1,4.72,25.9
2004.06,1132.76,189.7,4.73,26.4
2004.07,1105.85,189.4,4.5,25.7
2004.08,1088.94,189.5,4.28,25.17
2004.09,1117.66,189.9,4.13,25.67
2004.1,1117.21,190.9,4.1,25.41
2004.11,1168.94,191.0,4.19,26.47
2004.12,1199.21,190.3,4.23,27.14
2005.01,1181.41,190.7,4.22,26.59
2005.02,1199.63,191.8,4.17,26.74
2005.03,1194.9,193.3,4.5,26.34
2005.04,1164.43,194.6,4.34,25.41
2005.05,1178.28,194.4,4.14,25.65
2005.06,1202.25,194.5,4.0,26.07
2005.07,1222.24,195.4,4.18,26.29
2005.08,1224.27,196.4,4.26,26.1
2005.09,1225.92,198.8,4.2,25.73
2005.1,1191.96,199.2,4.46,24.88
2005.11,1237.37,197.6,4.54,25.93
2005.12,1262.07,196.8,4.47,26.44
2006.01,1278.73,198.3,4.42,26.47
2006.02,1276.65,198.7,4.57,26.25
2006.03,1293.74,199.8,4.72,26.33
2006.04,1302.17,201.5,4.99,26.15
2006.05,1290.01,202.5,5.11,25.65
2006.06,1253.17,202.9,5.11,24.75
2006.07,1260.24,203.5,5.09,24.7
2006.08,1287.15,203.9,4.88,25.05
2006.09,1317.74,202.9,4.72,25.64
2006.1,1363.38,201.8,4.73,26.54
2006.11,1388.64,201.5,4.6,26.93
2006.12,1416.42,201.8,4.56,27.28
2007.01,1424.16,202.42,4.76,27.21
2007.02,1444.8,203.5,4.72,27.32
2007.03,1406.95,205.35,4.56,26.23
2007.04,1463.64,206.69,4.69,26.98
2007.05,1511.14,207.95,4.75,27.55
2007.06,1514.19,208.35,5.1,27.42
2007.07,1520.71,208.3,5.0,27.41
2007.08,1454.62,207.92,4.67,26.15
2007.09,1497.12,208.49,4.52,26.73
2007.1,1539.66,208.94,4.53,27.32
2007.11,1463.39,210.18,4.15,25.73
2007.12,1479.22,210.04,4.1,25.96
2008.01,1378.76,211.08,3.74,24.02
2008.02,1354.87,211.69,3.74,23.5
2008.03,1316.94,213.53,3.51,22.61
2008.04,1370.47,214.82,3.68,23.36
2008.05,1403.22,216.63,3.88,23.7
2008.06,1341.25,218.82,4.1,22.42
2008.07,1257.33,219.96,4.01,20.91
2008.08,1281.47,219.09,3.89,21.4
2008.09,1216.95,218.78,3.69,20.36
2008.1,968.8,216.57,3.81,16.39
2008.11,883.04,212.43,3.53,15.26
2008.12,877.56,210.23,2.42,15.38
2009.01,865.58,211.14,2.52,15.17
2009.02,805.23,212.19,2.87,14.12
2009.03,757.13,212.71,2.82,13.32
2009.04,848.15,213.24,2.93,14.98
2009.05,902.41,213.86,3.29,16.0
2009.06,926.12,215.69,3.72,16.38
2009.07,935.82,215.35,3.56,16.69
2009.08,1009.73,215.83,3.59,18.09
2009.09,1044.55,215.97,3.4,18.83
2009.1,1067.66,216.18,3.39,19.36
2009.11,1088.07,216.33,3.4,19.81
2009.12,1110.38,215.95,3.59,20.32
2010.01,1123.58,216.69,3.73,20.53
2010.02,1089.16,216.74,3.69,19.92
2010.03,1152.05,217.63,3.73,21.0
2010.04,1197.32,218.01,3.85,21.8
2010.05,1125.06,218.18,3.42,20.48
2010.06,1083.36,217.97,3.2,19.74
2010.07,1079.8,218.01,3.01,19.67
2010.08,1087.28,218.31,2.7,19.77
2010.09,1122.08,218.44,2.65,20.38
2010.1,1171.58,218.71,2.54,21.24
2010.11,1198.89,218.8,2.76,21.7
2010.12,1241.53,219.18,3.29,22.4
2011.01,1282.62,220.22,3.39,22.98
2011.02,1321.12,221.31,3.58,23.49
2011.03,1304.49,223.47,3.41,22.9
2011.04,1331.51,224.91,3.46,23.14
2011.05,1338.31,225.96,3.17,23.06
2011.06,1287.29,225.72,3.0,22.1
2011.07,1325.19,225.92,3.0,22.61
2011.08,1185.31,226.55,2.3,20.05
2011.09,1173.88,226.89,1.98,19.7
2011.1,1207.22,226.42,2.15,20.16
2011.11,1226.42,226.23,2.01,20.35
2011.12,1243.32,225.67,1.98,20.52
2012.01,1300.58,226.67,1.97,21.21
2012.02,1352.49,227.66,1.97,21.8
2012.03,1389.24,229.39,2.17,22.05
2012.04,1386.43,230.09,2.05,21.78
2012.05,1341.27,229.82,1.8,20.94
2012.06,1323.48,229.48,1.62,20.55
2012.07,1359.78,229.1,1.53,21.0
2012.08,1403.45,230.38,1.68,21.41
2012.09,1443.42,231.41,1.72,21.78
2012.1,1437.82,231.32,1.75,21.58
2012.11,1394.51,230.22,1.65,20.9
2012.12,1422.29,229.6,1.72,21.24
2013.01,1480.4,230.28,1.91,21.9
2013.02,1512.31,232.17,1.98,22.05
2013.03,1550.83,232.77,1.96,22.42
2013.04,1570.7,232.53,1.76,22.6
2013.05,1639.84,232.95,1.93,23.41
2013.06,1618.77,233.5,2.3,22.93
2013.07,1668.68,233.6,2.58,23.49
2013.08,1670.09,233.88,2.74,23.36
2013.09,1687.17,234.15,2.81,23.44
2013.1,1720.03,233.55,2.62,23.83
2013.11,1783.54,233.07,2.72,24.64
2013.12,1807.78,233.05,2.9,24.86
2014.01,1822.36,233.92,2.86,24.86
2014.02,1817.04,234.78,2.71,24.59
2014.03,1863.52,236.29,2.72,24.96
2014.04,1864.26,237.07,2.71,24.79
2014.05,1889.77,237.9,2.56,24.94
2014.06,1947.09,238.34,2.6,25.56
2014.07,1973.1,238.25,2.54,25.82
2014.08,1961.53,237.85,2.42,25.62
2014.09,1993.23,238.03,2.53,25.92
2014.1,1937.27,237.43,2.3,25.16
2014.11,2044.57,236.15,2.33,26.61
2014.12,2054.27,234.81,2.21,26.79
2015.01,2028.18,233.71,1.88,26.49
2015.02,2082.2,234.72,1.98,27.0
2015.03,2079.99,236.12,2.04,26.73
2015.04,2094.86,236.6,1.94,26.79
2015.05,2111.94,237.81,2.2,26.81
2015.06,2099.29,238.64,2.36,26.5
2015.07,2094.14,238.65,2.32,26.38
2015.08,2039.87,238.32,2.17,25.69
2015.09,1944.41,237.95,2.17,24.5
2015.1,2024.81,237.84,2.07,25.49
2015.11,2080.62,237.34,2.26,26.23
2015.12,2054.08,236.53,2.24,25.97
2016.01,1918.6,236.92,2.09,24.21
2016.02,1904.42,237.11,1.78,24.0
2016.03,2021.95,238.13,1.89,25.37
2016.04,2075.54,239.26,1.81,25.92
2016.05,2065.55,240.23,1.81,25.69
2016.06,2083.89,241.02,1.64,25.84
2016.07,2148.9,240.63,1.5,26.69
2016.08,2170.95,240.85,1.56,26.95
2016.09,2157.69,241.43,1.63,26.73
2016.1,2143.02,241.73,1.76,26.53
2016.11,2164.99,241.35,2.14,26.85
2016.12,2246.63,241.43,2.49,27.87
2017.01,2275.12,242.84,2.43,28.06
2017.02,2329.91,243.6,2.42,28.66
2017.03,2366.82,243.8,2.48,29.09
2017.04,2359.31,244.52,2.3,28.9
2017.05,2395.35,244.73,2.3,29.31
2017.06,2433.99,244.96,2.19,29.75
2017.07,2454.1,244.79,2.32,30.0
2017.08,2456.22,245.52,2.21,29.91
2017.09,2492.84,246.82,2.2,30.17
2017.1,2557.0,246.66,2.36,30.92
2017.11,2593.61,246.67,2.35,31.3
2017.12,2664.34,246.52,2.4,32.09
2018.01,2789.8,247.87,2.58,33.31
2018.02,2705.16,248.99,2.86,32.04
2018.03,2702.77,249.55,2.84,31.81
2018.04,2653.63,250.55,2.87,30.97
2018.05,2701.49,251.59,2.98,31.24
2018.06,2754.35,251.99,2.91,31.63
2018.07,2793.64,252.01,2.89,31.89
2018.08,2857.82,252.15,2.89,32.39
2018.09,2901.5,252.44,3.0,32.62
2018.1,2785.46,252.89,3.15,31.04
2018.11,2723.23,252.04,3.12,30.2
2018.12,2567.31,251.23,2.83,28.29
2019.01,2607.39,251.71,2.71,28.38
2019.02,2754.86,252.78,2.68,29.54
2019.03,2803.98,254.2,2.57,29.58
2019.04,2903.8,255.55,2.53,30.13
2019.05,2854.71,256.09,2.4,29.24
2019.06,2890.17,256.14,2.06,29.28
2019.07,2996.11,256.57,1.63,29.99
2019.08,2897.5,256.56,1.63,28.71
2019.09,2982.16,256.76,1.7,29.23
2019.1,2977.68,257.35,1.71,28.84
2019.11,3104.9,257.21,1.81,29.84
2019.12,3176.75,256.97,1.86,30.33
2020.01,3278.2,257.97,1.76,30.99
2020.02,3277.31,258.68,1.5,30.73
2020.03,2652.39,258.12,0.87,24.82
2020.04,2761.98,256.39,0.66,25.93
2020.05,2919.62,256.39,0.67,27.33
2020.06,3104.66,257.8,0.73,28.84
2020.07,3207.62,259.1,0.62,29.6
2020.08,3391.71,259.92,0.65,31.16
2020.09,3365.52,260.28,0.68,30.84
2020.1,3418.7,260.39,0.79,31.28
2020.11,3548.99,260.23,0.87,32.47
2020.12,3695.31,260.47,0.93,33.77
2021.01,3793.75,261.58,1.08,34.51
2021.02,3883.43,263.01,1.26,35.1
2021.03,3910.51,264.88,1.61,35.04
2021.04,4141.18,267.05,1.64,36.72
2021.05,4167.85,269.2,1.62,36.55
2021.06,4238.49,271.7,1.52,36.7
2021.07,4363.71,273.0,1.32,37.44
2021.08,4454.21,273.57,1.28,37.97
2021.09,4445.54,274.31,1.37,37.62
2021.1,4460.71,276.59,1.58,37.25
2021.11,4667.39,277.95,1.56,38.58
2021.12,4674.77,278.8,1.47,38.3
2022.01,4573.82,281.15,1.76,36.94
2022.02,4435.98,283.72,1.93,35.46
2022.03,4391.27,287.5,2.13,34.61
2022.04,4391.3,289.4,2.75,34.34
2022.05,4175.48,290.35,2.97,32.51
